{
    "$schema": "https://schema.management.azure.com/schemas/2015-01-01/deploymentTemplate.json#",
    "contentVersion": "1.0.0.0",
    "parameters": {
        "virtualMachines_wgvVM1_name": {
            "defaultValue": "wgvVM1",
            "type": "String"
        },
        "disks_wgvVM1_disk1_6fa5571208a043f7885e287613e70534_externalid": {
            "defaultValue": "/subscriptions/b24a898b-e089-4d30-b1b6-561f81d4bfa1/resourceGroups/RG-WG-01/providers/Microsoft.Compute/disks/wgvVM1_disk1_6fa5571208a043f7885e287613e70534",
            "type": "String"
        },
        "networkInterfaces_wgvvm1401_externalid": {
            "defaultValue": "/subscriptions/b24a898b-e089-4d30-b1b6-561f81d4bfa1/resourceGroups/rg-wg-01/providers/Microsoft.Network/networkInterfaces/wgvvm1401",
            "type": "String"
        }
    },
    "variables": {},
    "resources": [
        {
            "type": "Microsoft.Compute/virtualMachines",
            "apiVersion": "2019-07-01",
            "name": "[parameters('virtualMachines_wgvVM1_name')]",
            "location": "eastus",
            "properties": {
                "hardwareProfile": {
                    "vmSize": "Standard_B1ms"
                },
                "storageProfile": {
                    "imageReference": {
                        "publisher": "MicrosoftWindowsServer",
                        "offer": "WindowsServer",
                        "sku": "2016-Datacenter",
                        "version": "latest"
                    },
                    "osDisk": {
                        "osType": "Windows",
                        "name": "[concat(parameters('virtualMachines_wgvVM1_name'), '_disk1_6fa5571208a043f7885e287613e70534')]",
                        "createOption": "FromImage",
                        "caching": "ReadWrite",
                        "managedDisk": {
                            "id": "[parameters('disks_wgvVM1_disk1_6fa5571208a043f7885e287613e70534_externalid')]"
                        }
                    },
                    "dataDisks": []
                },
                "osProfile": {
                    "computerName": "[parameters('virtualMachines_wgvVM1_name')]",
                    "adminUsername": "ladmin",
                    "windowsConfiguration": {
                        "provisionVMAgent": true,
                        "enableAutomaticUpdates": true
                    },
                    "secrets": [],
                    "allowExtensionOperations": true,
                    "requireGuestProvisionSignal": true
                },
                "networkProfile": {
                    "networkInterfaces": [
                        {
                            "id": "[parameters('networkInterfaces_wgvvm1401_externalid')]"
                        }
                    ]
                },
                "diagnosticsProfile": {
                    "bootDiagnostics": {
                        "enabled": true,
                        "storageUri": "https://rgwg01diag673.blob.core.windows.net/"
                    }
                }
            }
        }
    ]
}